,Date,Total_Stocks_Scanned,Stocks_Above_MA20,Stocks_Below_MA20,Stocks_Above_MA50,Stocks_Below_MA50,Stocks_Up_4.5pct_Today,Stocks_Down_4.5pct_Today,Stocks_Up_20pct_5Days,Stocks_Down_20pct_5Days
0,2026-03-24,445,54,391,72,373,45,1,0,0
1,2026-03-25,494,138,356,109,385,46,0,1,0
2,2026-03-27,494,87,407,82,412,6,53,0,0
3,2026-03-30,494,52,442,68,426,2,97,0,0
4,2026-04-01,494,125,369,97,397,150,1,0,0
5,2026-04-02,494,152,342,95,399,11,6,1,0
6,2026-04-06,494,215,279,111,383,20,2,1,0
7,2026-04-07,494,222,272,116,378,9,2,0,0
8,2026-04-08,494,412,82,203,291,212,1,12,0
9,2026-04-09,494,408,86,207,287,14,0,4,0
10,2026-04-10,494,442,52,259,235,27,0,8,0
11,2026-04-13,494,432,62,235,259,12,9,4,0
12,2026-04-15,494,465,29,307,187,53,0,13,0
13,2026-04-16,494,455,39,339,155,16,0,7,0
14,2026-04-17,494,473,21,363,131,31,0,5,0
15,2026-04-20,494,469,25,353,141,10,5,2,0
16,2026-04-21,494,473,21,381,113,16,0,3,0
17,2026-04-22,494,468,26,379,115,25,6,2,0
18,2026-04-23,494,462,32,360,134,14,6,2,0
19,2026-04-24,494,414,80,330,164,3,19,1,0
20,2026-04-27,494,437,57,367,127,39,2,0,0
21,2026-04-28,494,416,78,355,139,8,1,2,0
22,2026-04-29,494,411,83,368,126,15,2,1,0
23,2026-04-30,494,364,130,355,139,7,10,1,1
24,2026-05-04,494,371,123,373,121,30,10,3,1
25,2026-05-05,494,352,142,367,127,10,7,2,1
26,2026-05-06,494,398,96,411,83,40,2,3,1
27,2026-05-07,494,400,94,421,73,18,2,4,1
28,2026-05-08,494,379,115,416,78,18,8,8,0
29,2026-05-11,494,300,194,389,105,11,26,2,0
30,2026-05-12,494,176,318,323,171,2,77,0,0
31,2026-05-13,494,184,310,334,160,14,5,0,0
32,2026-05-14,494,198,296,344,150,19,5,0,1
33,2026-05-15,494,185,309,340,154,11,12,0,1
34,2026-05-18,494,143,351,314,180,4,22,0,1
35,2026-05-19,494,175,319,333,161,20,1,1,1
36,2026-05-20,494,173,321,331,163,11,4,2,1
37,2026-05-21,494,202,292,337,157,20,3,3,0
38,2026-05-22,494,205,289,338,156,9,6,2,0
39,2026-05-25,494,254,240,372,122,19,1,1,0
40,2026-05-26,494,283,211,368,126,10,5,3,0
41,2026-05-27,494,281,213,370,124,32,6,5,0
42,2026-05-29,494,221,273,333,161,12,23,4,0
43,2026-06-01,494,173,321,296,198,8,21,2,2
44,2026-06-02,494,199,295,299,195,19,6,2,1
45,2026-06-03,494,191,303,286,208,13,10,4,1
46,2026-06-04,494,201,293,285,209,19,2,3,1
47,2026-06-05,494,205,289,282,212,12,4,2,0
48,2026-06-08,494,150,344,229,265,3,23,1,0
49,2026-06-09,494,197,297,252,242,22,0,1,0
50,2026-06-10,494,161,333,221,273,6,12,1,0
51,2026-06-11,494,126,368,197,297,5,4,2,0
52,2026-06-12,494,244,250,257,237,83,0,1,0
53,2026-06-15,494,321,173,300,194,38,1,6,0
54,2026-06-16,494,348,146,310,184,10,2,2,0
55,2026-06-17,494,354,140,326,168,24,1,4,0
56,2026-06-18,494,364,130,328,166,18,3,9,0
57,2026-06-19,494,356,138,320,174,18,3,3,0
58,2026-06-22,494,392,102,338,156,16,1,2,0
59,2026-06-23,494,347,147,306,188,7,6,3,0
60,2026-06-24,494,355,139,304,190,9,5,1,0
61,2026-06-25,494,327,167,293,201,8,5,1,0
62,2026-06-29,494,273,221,263,231,12,15,1,0
63,2026-06-30,494,288,206,276,218,13,3,0,0
64,2026-07-01,494,300,194,291,203,22,6,0,1
65,2026-07-02,494,330,164,309,185,21,0,1,1
66,2026-07-03,494,321,173,312,182,11,11,0,1
67,2026-07-06,494,324,170,312,182,11,3,2,1
68,2026-07-07,494,292,202,303,191,6,6,1,0
69,2026-07-08,494,202,292,246,248,2,24,0,0
70,2026-07-09,494,242,252,270,224,26,1,0,0
71,2026-07-10,494,294,200,312,182,27,1,1,0
72,2026-07-13,494,290,204,313,181,17,2,3,0
73,2026-07-14,494,242,252,297,197,4,7,2,0
74,2026-07-15,494,268,226,305,189,11,3,3,0
75,2026-07-16,494,251,243,307,187,11,7,1,0
76,2026-07-17,494,239,255,302,192,5,9,2,0
77,2026-07-20,494,267,227,308,186,5,6,0,0
78,2026-07-21,494,274,220,302,192,9,3,0,0
79,2026-07-22,494,220,274,284,210,3,10,0,1
80,2026-07-23,494,166,328,249,245,2,7,0,2
81,2026-07-24,494,164,330,251,243,5,5,0,2
82,2026-07-27,494,224,270,281,213,22,2,0,1
83,2026-07-28,494,209,285,274,220,7,10,0,1
84,2026-07-29,494,261,233,298,196,24,3,0,0
85,2026-07-30,494,244,250,279,215,5,8,1,0
86,2026-07-31,494,251,243,287,207,16,3,2,0
87,2026-08-03,494,320,174,324,170,35,5,3,0
88,2026-08-04,494,310,184,308,186,12,2,5,0
89,2026-08-05,494,326,168,319,175,13,3,3,0
90,2026-08-06,494,311,183,322,172,11,4,1,0
91,2026-08-07,494,307,187,317,177,12,7,4,0
92,2026-08-10,494,299,195,307,187,10,7,1,0
93,2026-08-11,494,279,215,293,201,16,2,3,0
94,2026-08-12,494,275,219,285,209,9,9,1,0
95,2026-08-13,494,283,211,287,207,7,2,1,0
96,2026-08-14,494,266,228,282,212,5,4,1,0
97,2026-08-17,494,255,239,277,217,13,3,1,0
98,2026-08-18,494,231,263,271,223,11,0,0,0
99,2026-08-19,494,210,284,252,242,3,1,0,0
100,2026-08-20,494,223,271,257,237,11,1,2,0
101,2026-08-21,494,223,271,254,240,11,2,1,0
102,2026-08-24,494,213,281,246,248,9,4,1,0
103,2026-08-25,494,216,278,251,243,8,1,1,0
104,2026-08-26,494,228,266,247,247,11,0,0,0
105,2026-08-27,494,207,287,243,251,5,6,0,0
106,2026-08-28,494,197,297,245,249,16,1,2,1
107,2026-08-31,494,201,293,232,262,8,16,1,1
108,2026-09-01,494,164,330,206,288,6,9,0,1
109,2026-09-02,494,148,346,197,297,4,4,0,2
110,2026-09-03,494,168,326,208,286,17,0,0,1
111,2026-09-04,494,164,330,207,287,14,3,1,0
112,2026-09-07,494,144,350,187,307,3,4,1,0
113,2026-09-08,494,152,342,197,297,9,4,1,0
114,2026-09-09,494,150,344,181,313,8,2,0,0
115,2026-09-10,494,148,346,180,314,9,4,0,0
116,2026-09-11,494,134,360,158,336,3,2,0,0
117,2026-09-15,494,67,427,116,378,4,49,0,1
118,2026-09-16,494,64,430,112,382,3,2,1,0
119,2026-09-17,494,95,399,118,376,14,1,1,0
120,2026-09-18,494,174,320,165,329,40,5,0,0
121,2026-09-21,494,149,345,158,336,14,1,0,0
122,2026-09-22,494,160,334,157,337,7,2,0,0
123,2026-09-23,494,196,298,183,311,11,0,1,0
124,2026-09-24,494,140,354,143,351,2,20,0,1
125,2026-09-25,494,153,341,137,357,3,2,1,1
126,2026-09-28,495,84,411,97,398,2,11,1,1
127,2026-09-29,495,80,415,85,410,6,9,1,1
128,2026-09-30,495,81,414,95,400,15,5,1,1
129,2026-10-01,495,55,440,77,418,6,14,0,0
130,2026-10-05,495,71,424,94,401,12,1,1,0
131,2026-10-06,495,130,365,110,385,23,1,2,0
132,2026-10-07,495,131,364,105,390,9,2,2,0
133,2026-10-08,494,44,286,41,289,2,38,2,0
