Date,Advance_Decline_Ratio,MA20_Strength,Market_Momentum,Participation_Rate,Extreme_Move_Ratio,Extreme_Momentum_Bias,Extreme_Volatility_Indicator,Price_Volatility_Ratio,Trend_Strength,Advance_Decline_Ratio_lag1,MA20_Strength_lag1,Market_Momentum_lag1,Participation_Rate_lag1,Extreme_Move_Ratio_lag1,Extreme_Momentum_Bias_lag1,Momentum_Change_5d,Breadth_Acceleration,Extreme_Momentum_Change,Extreme_Move_Acceleration
2026-04-28,13.333333333333334,0.8846153846153846,0.7692307692307693,0.08299595141700405,0.0,0.0,0.4848484848484848,0.6821970311604899,0.016843323147365474,0.2,0.8380566801619433,0.6761133603238867,0.044534412955465584,0.0020242914979757085,0.0020242914979757085,-0.12955465587044535,-0.06623931623931623,-0.004048582995951417,-1.0
2026-04-29,4.5,0.8421052631578947,0.6842105263157895,0.018218623481781375,0.004048582995951417,0.004048582995951417,0.417910447761194,0.5482647709666026,0.011278483954872076,13.333333333333334,0.8846153846153846,0.7692307692307693,0.08299595141700405,0.0,0.0,-0.23076923076923073,-0.09956709956709964,-0.0020242914979757085,0.0
2026-04-30,5.333333333333333,0.8319838056680162,0.6639676113360324,0.03441295546558704,0.0020242914979757085,0.0020242914979757085,0.3529411764705882,0.6957946426897457,0.016039068368635556,4.5,0.8421052631578947,0.6842105263157895,0.018218623481781375,0.004048582995951417,0.004048582995951417,-0.23076923076923073,-0.007246376811594235,-0.0020242914979757085,0.0
2026-05-04,0.7272727272727273,0.7368421052631579,0.47368421052631576,0.03441295546558704,0.004048582995951417,0.0,0.34285714285714286,0.7421343699452698,0.004952336878405239,5.333333333333333,0.8319838056680162,0.6639676113360324,0.03441295546558704,0.0020242914979757085,0.0020242914979757085,-0.3967611336032389,-0.16704805491990848,-0.004048582995951417,0.0
2026-05-05,2.8181818181818183,0.7510121457489879,0.5020242914979757,0.08097165991902834,0.008097165991902834,0.004048582995951417,0.48648648648648646,0.6138209684817677,0.007014791219470018,0.7272727272727273,0.7368421052631579,0.47368421052631576,0.03441295546558704,0.004048582995951417,0.0,-0.17408906882591102,-0.10817307692307687,0.0020242914979757085,1.0
2026-05-06,1.375,0.7125506072874493,0.4251012145748988,0.03441295546558704,0.006072874493927126,0.0020242914979757085,0.6315789473684212,0.550460576396424,0.0006465439661544892,2.8181818181818183,0.7510121457489879,0.5020242914979757,0.08097165991902834,0.008097165991902834,0.004048582995951417,-0.3441295546558705,-0.14355231143552316,0.0020242914979757085,2.0
2026-05-07,13.666666666666666,0.805668016194332,0.611336032388664,0.08502024291497975,0.008097165991902834,0.004048582995951417,0.7088607594936709,0.6928972047154712,0.010194625065805374,1.375,0.7125506072874493,0.4251012145748988,0.03441295546558704,0.006072874493927126,0.0020242914979757085,-0.07287449392712553,0.09340659340659352,0.0,1.0
2026-05-08,6.333333333333333,0.8097165991902834,0.6194331983805668,0.04048582995951417,0.010121457489878543,0.006072874493927126,0.8571428571428571,0.6591200887982335,0.00750004927189063,13.666666666666666,0.805668016194332,0.611336032388664,0.08502024291497975,0.008097165991902834,0.004048582995951417,-0.044534412955465674,0.07816711590296488,0.004048582995951417,0.25
2026-05-11,2.111111111111111,0.7672064777327935,0.5344129554655871,0.05263157894736842,0.016194331983805668,0.016194331983805668,1.2,0.872668603984785,0.0008964306534930966,6.333333333333333,0.8097165991902834,0.6194331983805668,0.04048582995951417,0.010121457489878543,0.006072874493927126,0.06072874493927133,0.07670454545454541,0.016194331983805668,1.6666666666666665
2026-05-12,0.4444444444444444,0.6072874493927125,0.2145748987854251,0.07489878542510121,0.004048582995951417,0.004048582995951417,1.1282051282051284,1.1170320476892996,-0.014103241561440272,2.111111111111111,0.7672064777327935,0.5344129554655871,0.05263157894736842,0.016194331983805668,0.016194331983805668,-0.28744939271255054,-0.24623115577889454,0.0,-0.5
2026-05-13,0.038461538461538464,0.3562753036437247,-0.2874493927125506,0.15991902834008098,0.0,0.0,1.0857142857142859,1.3078585684201098,-0.03081840449562845,0.4444444444444444,0.6072874493927125,0.2145748987854251,0.07489878542510121,0.004048582995951417,0.004048582995951417,-0.7125506072874495,-0.56,-0.0020242914979757085,-1.0
2026-05-14,2.5,0.3724696356275304,-0.2550607287449393,0.038461538461538464,0.0,0.0,0.9090909090909092,0.9475437307683653,-0.028582496449055972,0.038461538461538464,0.3562753036437247,-0.2874493927125506,0.15991902834008098,0.0,0.0,-0.8663967611336032,-0.5145118733509235,-0.004048582995951417,-1.0
2026-05-15,3.3333333333333335,0.4008097165991903,-0.19838056680161945,0.048582995951417005,0.0020242914979757085,-0.0020242914979757085,0.8148148148148147,1.3853895861443077,-0.015983596258351218,2.5,0.3724696356275304,-0.2550607287449393,0.038461538461538464,0.0,0.0,-0.8178137651821862,-0.33999999999999997,-0.008097165991902834,-0.5
2026-05-18,0.9230769230769231,0.37449392712550605,-0.25101214574898784,0.0465587044534413,0.0020242914979757085,-0.0020242914979757085,0.33333333333333315,1.392346283495443,-0.016768703157642673,3.3333333333333335,0.4008097165991903,-0.19838056680161945,0.048582995951417005,0.0020242914979757085,-0.0020242914979757085,-0.785425101214575,0.05113636363636376,-0.018218623481781375,0.0
2026-05-19,0.21739130434782608,0.2894736842105263,-0.42105263157894735,0.05263157894736842,0.0020242914979757085,-0.0020242914979757085,0.27272727272727254,1.2524183067574277,-0.015059552002672283,0.9230769230769231,0.37449392712550605,-0.25101214574898784,0.0465587044534413,0.0020242914979757085,-0.0020242914979757085,-0.6356275303643725,-0.22282608695652173,-0.006072874493927126,0.0
2026-05-20,10.5,0.354251012145749,-0.291497975708502,0.04251012145748988,0.004048582995951417,0.0,0.4545454545454543,0.6496789782220121,-0.014858047940594976,0.21739130434782608,0.2894736842105263,-0.42105263157894735,0.05263157894736842,0.0020242914979757085,-0.0020242914979757085,-0.0040485829959514,-0.11616161616161613,0.0,1.0
2026-05-21,2.4,0.35020242914979755,-0.29959514170040485,0.030364372469635626,0.006072874493927126,0.0020242914979757085,0.7272727272727271,0.6718665033827794,-0.011255694847429276,10.5,0.354251012145749,-0.291497975708502,0.04251012145748988,0.004048582995951417,0.0,-0.04453441295546556,-0.06486486486486487,0.0020242914979757085,2.0
2026-05-22,5.25,0.4089068825910931,-0.18218623481781376,0.0465587044534413,0.006072874493927126,0.006072874493927126,0.8888888888888886,0.17471027838982137,-0.009938856201186397,2.4,0.35020242914979755,-0.29959514170040485,0.030364372469635626,0.006072874493927126,0.0020242914979757085,0.016194331983805682,0.4125874125874125,0.008097165991902834,2.0
2026-05-25,1.4285714285714286,0.4149797570850202,-0.1700404858299595,0.030364372469635626,0.004048582995951417,0.004048582995951417,0.9777777777777777,0.19789417232940473,-0.006291369863044016,5.25,0.4089068825910931,-0.18218623481781376,0.0465587044534413,0.006072874493927126,0.006072874493927126,0.08097165991902833,0.17142857142857126,0.006072874493927126,0.0
2026-05-26,10.0,0.5141700404858299,0.02834008097165992,0.04048582995951417,0.0020242914979757085,0.0020242914979757085,0.9777777777777776,0.6958335028967592,0.0065144168101975986,1.4285714285714286,0.4149797570850202,-0.1700404858299595,0.030364372469635626,0.004048582995951417,0.004048582995951417,0.44939271255060725,0.4682080924855492,0.004048582995951417,-0.6666666666666667
2026-05-27,1.8333333333333333,0.5728744939271255,0.145748987854251,0.030364372469635626,0.006072874493927126,0.006072874493927126,0.9999999999999998,0.8123588475980443,0.0019478295908315069,10.0,0.5141700404858299,0.02834008097165992,0.04048582995951417,0.0020242914979757085,0.0020242914979757085,0.437246963562753,0.4009900990099011,0.006072874493927126,0.0
2026-05-29,4.714285714285714,0.5688259109311741,0.13765182186234817,0.07692307692307693,0.010121457489878543,0.010121457489878543,1.0980392156862744,0.8314942464026157,0.0018592916001072268,1.8333333333333333,0.5728744939271255,0.145748987854251,0.030364372469635626,0.006072874493927126,0.006072874493927126,0.43724696356275305,0.3707317073170733,0.008097165991902834,1.5
2026-06-01,0.5416666666666666,0.4473684210526316,-0.10526315789473684,0.0708502024291498,0.008097165991902834,0.008097165991902834,1.111111111111111,1.207263552460149,-0.011897699610228685,4.714285714285714,0.5688259109311741,0.13765182186234817,0.07692307692307693,0.010121457489878543,0.010121457489878543,0.07692307692307693,-0.12992125984251968,0.0020242914979757085,3.0
2026-06-02,0.4090909090909091,0.35020242914979755,-0.29959514170040485,0.058704453441295545,0.008097165991902834,0.0,1.2142857142857142,1.2178643201492088,-0.01756011977291949,0.5416666666666666,0.4473684210526316,-0.10526315789473684,0.0708502024291498,0.008097165991902834,0.008097165991902834,-0.12955465587044535,-0.38869257950530045,-0.004048582995951417,0.33333333333333326
2026-06-03,2.857142857142857,0.402834008097166,-0.19433198380566802,0.05060728744939271,0.006072874493927126,0.0020242914979757085,1.381818181818182,0.8566816552361168,-0.011999016812485941,0.4090909090909091,0.35020242914979755,-0.29959514170040485,0.058704453441295545,0.008097165991902834,0.0,-0.22267206477732793,-0.29181494661921703,0.0,-0.4
2026-06-04,1.2727272727272727,0.3866396761133603,-0.22672064777327935,0.0465587044534413,0.010121457489878543,0.006072874493927126,1.4736842105263157,0.8590142397834872,-0.013977642029363802,2.857142857142857,0.402834008097166,-0.19433198380566802,0.05060728744939271,0.006072874493927126,0.0020242914979757085,-0.3724696356275303,-0.1357466063348417,0.0,0.25
2026-06-05,6.666666666666667,0.4068825910931174,-0.1862348178137652,0.04251012145748988,0.008097165991902834,0.004048582995951417,1.4035087719298245,0.9394452049988962,-0.011612590041548021,1.2727272727272727,0.3866396761133603,-0.22672064777327935,0.0465587044534413,0.010121457489878543,0.006072874493927126,-0.32388663967611336,0.1618497109826591,-0.006072874493927126,0.0
2026-06-08,2.6,0.4149797570850202,-0.1700404858299595,0.032388663967611336,0.004048582995951417,0.004048582995951417,1.333333333333333,0.5369977524499355,-0.011714578412101884,6.666666666666667,0.4068825910931174,-0.1862348178137652,0.04251012145748988,0.008097165991902834,0.004048582995951417,-0.06477732793522267,0.03015075376884413,-0.004048582995951417,-0.33333333333333337
2026-06-09,0.16666666666666666,0.30364372469635625,-0.39271255060728744,0.05263157894736842,0.0020242914979757085,0.0020242914979757085,1.2765957446808511,0.675128387142313,-0.019838796064534314,2.6,0.4149797570850202,-0.1700404858299595,0.032388663967611336,0.004048582995951417,0.004048582995951417,-0.09311740890688258,-0.2146596858638744,0.0020242914979757085,-0.8
2026-06-10,23.0,0.39878542510121456,-0.20242914979757085,0.044534412955465584,0.0020242914979757085,0.0020242914979757085,1.1304347826086958,0.7466035926348015,-0.013590772857784872,0.16666666666666666,0.30364372469635625,-0.39271255060728744,0.05263157894736842,0.0020242914979757085,0.0020242914979757085,-0.008097165991902827,-0.01990049751243783,0.0,-0.75
2026-06-11,0.5384615384615384,0.3259109311740891,-0.3481781376518219,0.03643724696356275,0.0020242914979757085,0.0020242914979757085,0.7659574468085106,0.8727740625651677,-0.014398792089265311,23.0,0.39878542510121456,-0.20242914979757085,0.044534412955465584,0.0020242914979757085,0.0020242914979757085,-0.12145748987854252,-0.21463414634146327,-0.004048582995951417,-0.5
2026-06-12,1.2,0.2550607287449393,-0.4898785425101215,0.018218623481781375,0.004048582995951417,0.004048582995951417,0.5714285714285714,0.8540077347480294,-0.016139557440557506,0.5384615384615384,0.3259109311740891,-0.3481781376518219,0.03643724696356275,0.0020242914979757085,0.0020242914979757085,-0.30364372469635625,-0.15999999999999992,0.0,1.0
2026-06-15,84.0,0.4939271255060729,-0.012145748987854251,0.1680161943319838,0.0020242914979757085,0.0020242914979757085,0.48979591836734676,1.5158757161911471,0.0035977896980359247,1.2,0.2550607287449393,-0.4898785425101215,0.018218623481781375,0.004048582995951417,0.004048582995951417,0.15789473684210525,0.23857868020304562,-0.0020242914979757085,0.0
2026-06-16,19.5,0.6497975708502024,0.29959514170040485,0.07894736842105263,0.012145748987854251,0.012145748987854251,0.8148148148148145,1.1651783772507014,0.012958892658797794,84.0,0.4939271255060729,-0.012145748987854251,0.1680161943319838,0.0020242914979757085,0.0020242914979757085,0.6923076923076923,0.9937888198757763,0.010121457489878543,5.0
2026-06-17,3.6666666666666665,0.7044534412955465,0.4089068825910931,0.024291497975708502,0.004048582995951417,0.004048582995951417,0.8727272727272728,1.1507800372461272,0.017969148380891697,19.5,0.6497975708502024,0.29959514170040485,0.07894736842105263,0.012145748987854251,0.012145748987854251,0.611336032388664,1.7619047619047614,0.0020242914979757085,0.0
2026-06-18,12.5,0.7165991902834008,0.4331983805668016,0.05060728744939271,0.008097165991902834,0.008097165991902834,1.0526315789473681,1.0440307638820592,0.02105293374750694,3.6666666666666665,0.7044534412955465,0.4089068825910931,0.024291497975708502,0.004048582995951417,0.004048582995951417,0.7813765182186234,0.4508196721311475,0.006072874493927126,3.0
2026-06-19,4.75,0.7368421052631579,0.47368421052631576,0.04251012145748988,0.018218623481781375,0.018218623481781375,1.3968253968253967,0.8630530536184954,0.023437693654462022,12.5,0.7165991902834008,0.4331983805668016,0.05060728744939271,0.008097165991902834,0.008097165991902834,0.9635627530364372,0.1339563862928348,0.014170040485829958,0.4999999999999998
2026-06-22,4.75,0.7206477732793523,0.44129554655870445,0.04251012145748988,0.006072874493927126,0.006072874493927126,1.523809523809524,0.7392279392216718,0.016107077709006434,4.75,0.7368421052631579,0.47368421052631576,0.04251012145748988,0.018218623481781375,0.018218623481781375,0.4534412955465587,0.02298850574712641,0.004048582995951417,0.5
2026-06-23,8.5,0.7935222672064778,0.5870445344129555,0.03441295546558704,0.004048582995951417,0.004048582995951417,1.2698412698412695,0.5971190237790839,0.019079890478940653,4.75,0.7206477732793523,0.44129554655870445,0.04251012145748988,0.006072874493927126,0.006072874493927126,0.2874493927125506,0.10734463276836159,-0.008097165991902834,-0.5
2026-06-24,1.1428571428571428,0.7024291497975709,0.4048582995951417,0.02631578947368421,0.006072874493927126,0.006072874493927126,1.292307692307692,0.901179286986733,0.007734350247408983,8.5,0.7935222672064778,0.5870445344129555,0.03441295546558704,0.004048582995951417,0.004048582995951417,-0.0040485829959514,-0.04670329670329665,0.0020242914979757085,-0.6666666666666666
2026-06-25,1.6666666666666667,0.7186234817813765,0.43724696356275305,0.02834008097165992,0.0020242914979757085,0.0020242914979757085,1.1428571428571426,1.0050870307835498,0.01585860872273659,1.1428571428571428,0.7024291497975709,0.4048582995951417,0.02631578947368421,0.006072874493927126,0.006072874493927126,0.004048582995951455,-0.002808988764045006,-0.006072874493927126,-0.6666666666666667
2026-06-29,1.5,0.6619433198380567,0.32388663967611336,0.02631578947368421,0.0020242914979757085,0.0020242914979757085,0.6779661016949152,0.9811342094263766,0.016991144431653282,1.6666666666666667,0.7186234817813765,0.43724696356275305,0.02834008097165992,0.0020242914979757085,0.0020242914979757085,-0.1497975708502024,-0.1658163265306123,-0.016194331983805668,-0.5
2026-06-30,0.8125,0.5526315789473685,0.10526315789473684,0.05465587044534413,0.0020242914979757085,0.0020242914979757085,0.5714285714285713,1.040871464226769,0.011499319370522398,1.5,0.6619433198380567,0.32388663967611336,0.02631578947368421,0.0020242914979757085,0.0020242914979757085,-0.3360323886639676,-0.21325648414985587,-0.004048582995951417,-0.6666666666666667
2026-07-01,3.5,0.582995951417004,0.1659919028340081,0.032388663967611336,0.0,0.0,0.4615384615384614,1.0175002813936398,0.007071327518555437,0.8125,0.5526315789473685,0.10526315789473684,0.05465587044534413,0.0020242914979757085,0.0020242914979757085,-0.42105263157894735,-0.18873239436619715,-0.004048582995951417,-1.0
2026-07-02,3.2857142857142856,0.6072874493927125,0.2145748987854251,0.05668016194331984,0.0020242914979757085,-0.0020242914979757085,0.3199999999999998,0.7682672862059821,0.011868099650631958,3.5,0.582995951417004,0.1659919028340081,0.032388663967611336,0.0,0.0,-0.1902834008097166,-0.0825688073394496,-0.008097165991902834,0.0
2026-07-03,22.0,0.6680161943319838,0.3360323886639676,0.04251012145748988,0.004048582995951417,0.0,0.4255319148936169,0.7164682790321858,0.017376191707004773,3.2857142857142856,0.6072874493927125,0.2145748987854251,0.05668016194331984,0.0020242914979757085,-0.0020242914979757085,-0.10121457489878544,0.20879120879120872,-0.0020242914979757085,1.0
2026-07-06,1.0,0.6497975708502024,0.29959514170040485,0.044534412955465584,0.0020242914979757085,-0.0020242914979757085,0.45454545454545436,0.7336421465655025,0.01954767352018716,22.0,0.6680161943319838,0.3360323886639676,0.04251012145748988,0.004048582995951417,0.0,-0.02429149797570851,0.11458333333333348,-0.004048582995951417,0.0
2026-07-07,3.0,0.6558704453441295,0.3117408906882591,0.02834008097165992,0.006072874493927126,0.0020242914979757085,0.6222222222222221,0.5839206962567599,0.023960232911730994,1.0,0.6497975708502024,0.29959514170040485,0.044534412955465584,0.0020242914979757085,-0.0020242914979757085,0.20647773279352227,0.08000000000000007,0.0,2.0
2026-07-08,1.0,0.5910931174089069,0.18218623481781376,0.024291497975708502,0.0020242914979757085,0.0020242914979757085,0.711111111111111,0.5033609494522413,0.019906987799154674,3.0,0.6558704453441295,0.3117408906882591,0.02834008097165992,0.006072874493927126,0.0020242914979757085,0.016194331983805654,-0.11515151515151512,0.0020242914979757085,-0.5
2026-07-09,0.12,0.4089068825910931,-0.18218623481781376,0.05263157894736842,0.0,0.0,0.6363636363636361,1.3685294957948673,-0.003023301074343898,1.0,0.5910931174089069,0.18218623481781376,0.024291497975708502,0.0020242914979757085,0.0020242914979757085,-0.39676113360323884,-0.37071651090342683,0.0020242914979757085,-1.0
2026-07-10,13.5,0.4898785425101215,-0.020242914979757085,0.05465587044534413,0.0,0.0,0.46511627906976727,1.3088555754488023,-0.0012114172961222858,0.12,0.4089068825910931,-0.18218623481781376,0.05263157894736842,0.0,0.0,-0.35627530364372473,-0.2530864197530863,0.0,-1.0
2026-07-13,14.0,0.5951417004048583,0.1902834008097166,0.05668016194331984,0.0020242914979757085,0.0020242914979757085,0.476190476190476,1.409734807493496,0.006769652729729403,13.5,0.4898785425101215,-0.020242914979757085,0.05465587044534413,0.0,0.0,-0.10931174089068826,0.006849315068492956,0.004048582995951417,0.0
2026-07-14,6.0,0.5870445344129555,0.17408906882591094,0.038461538461538464,0.006072874493927126,0.006072874493927126,0.45454545454545436,1.5244565697477206,0.005710214112117473,14.0,0.5951417004048583,0.1902834008097166,0.05668016194331984,0.0020242914979757085,0.0020242914979757085,-0.13765182186234817,0.4356435643564358,0.004048582995951417,0.0
2026-07-15,0.625,0.4898785425101215,-0.020242914979757085,0.022267206477732792,0.004048582995951417,0.004048582995951417,0.5999999999999998,1.5657853465534035,-0.001303455651915586,6.0,0.5870445344129555,0.17408906882591094,0.038461538461538464,0.006072874493927126,0.006072874493927126,-0.20242914979757085,0.0,0.0020242914979757085,0.0
2026-07-16,3.0,0.5425101214574899,0.08502024291497975,0.02834008097165992,0.006072874493927126,0.006072874493927126,0.8780487804878048,0.8040809841936453,-0.0003906507850934826,0.625,0.4898785425101215,-0.020242914979757085,0.022267206477732792,0.004048582995951417,0.004048582995951417,0.2672064777327935,-0.08843537414965974,0.006072874493927126,2.0
2026-07-17,1.5,0.5080971659919028,0.016194331983805668,0.03643724696356275,0.0020242914979757085,0.0020242914979757085,1.0526315789473681,0.8042339678124699,-0.000602496859076429,3.0,0.5425101214574899,0.08502024291497975,0.02834008097165992,0.006072874493927126,0.006072874493927126,0.03643724696356275,-0.1344827586206897,0.0020242914979757085,-0.6666666666666667
2026-07-20,0.6,0.48380566801619435,-0.032388663967611336,0.02834008097165992,0.004048582995951417,0.004048582995951417,1.4193548387096773,0.8012237294971324,0.009907346765210212,1.5,0.5080971659919028,0.016194331983805668,0.03643724696356275,0.0020242914979757085,0.0020242914979757085,-0.22267206477732793,-0.012396694214875992,0.0020242914979757085,0.0
2026-07-21,0.8571428571428571,0.5404858299595142,0.08097165991902834,0.022267206477732792,0.0,0.0,1.1428571428571426,0.8632291764799243,0.005461205206788611,0.6,0.48380566801619435,-0.032388663967611336,0.02834008097165992,0.004048582995951417,0.004048582995951417,-0.0931174089068826,-0.003731343283582045,-0.006072874493927126,-1.0
2026-07-22,2.5,0.5546558704453441,0.10931174089068826,0.024291497975708502,0.0,0.0,0.9230769230769227,0.748031137450887,0.003177447668007538,0.8571428571428571,0.5404858299595142,0.08097165991902834,0.022267206477732792,0.0,0.0,0.12955465587044535,0.09163346613545831,-0.004048582995951417,-1.0
2026-07-23,0.36363636363636365,0.44534412955465585,-0.10931174089068826,0.02631578947368421,0.0020242914979757085,-0.0020242914979757085,0.6666666666666663,0.9459498851190586,-0.005118017430622124,2.5,0.5546558704453441,0.10931174089068826,0.024291497975708502,0.0,0.0,-0.19433198380566802,-0.07949790794979084,-0.008097165991902834,-0.5
2026-07-24,0.375,0.3360323886639676,-0.32793522267206476,0.018218623481781375,0.004048582995951417,-0.004048582995951417,0.7999999999999995,1.0024368239802615,-0.010056898682276216,0.36363636363636365,0.44534412955465585,-0.10931174089068826,0.02631578947368421,0.0020242914979757085,-0.0020242914979757085,-0.3441295546558704,-0.37827715355805247,-0.006072874493927126,0.0
2026-07-27,1.0,0.3319838056680162,-0.3360323886639676,0.020242914979757085,0.004048582995951417,-0.004048582995951417,0.7692307692307689,0.2905004789353235,-0.013703224916570611,0.375,0.3360323886639676,-0.32793522267206476,0.018218623481781375,0.004048582995951417,-0.004048582995951417,-0.30364372469635625,-0.4014598540145985,-0.008097165991902834,0.0
2026-07-28,7.666666666666667,0.4534412955465587,-0.0931174089068826,0.048582995951417005,0.0020242914979757085,-0.0020242914979757085,0.9230769230769228,0.8945562016619281,-0.004323652923985177,1.0,0.3319838056680162,-0.3360323886639676,0.020242914979757085,0.004048582995951417,-0.004048582995951417,-0.17408906882591094,0.0181818181818183,-0.0020242914979757085,0.0
2026-07-29,0.7272727272727273,0.4230769230769231,-0.15384615384615385,0.03441295546558704,0.0020242914979757085,-0.0020242914979757085,1.0370370370370368,0.9040325992232002,-0.005010355209428052,7.666666666666667,0.4534412955465587,-0.0931174089068826,0.048582995951417005,0.0020242914979757085,-0.0020242914979757085,-0.26315789473684215,0.25903614457831314,-0.0020242914979757085,-0.5
2026-07-30,6.25,0.52834008097166,0.05668016194331984,0.05465587044534413,0.0,0.0,0.9230769230769228,0.981330023033616,0.005466869412018127,0.7272727272727273,0.4230769230769231,-0.15384615384615385,0.03441295546558704,0.0020242914979757085,-0.0020242914979757085,0.1659919028340081,0.5914634146341464,0.0020242914979757085,-1.0
2026-07-31,0.6666666666666666,0.4939271255060729,-0.012145748987854251,0.02631578947368421,0.0020242914979757085,0.0020242914979757085,0.7999999999999995,0.8448383129118568,0.007947238612669771,6.25,0.52834008097166,0.05668016194331984,0.05465587044534413,0.0,0.0,0.3157894736842105,0.08928571428571419,0.006072874493927126,0.0
2026-08-03,4.25,0.5080971659919028,0.016194331983805668,0.038461538461538464,0.004048582995951417,0.004048582995951417,0.7692307692307689,0.6406662484103831,0.010465442234249833,0.6666666666666666,0.4939271255060729,-0.012145748987854251,0.02631578947368421,0.0020242914979757085,0.0020242914979757085,0.3522267206477733,0.200956937799043,0.008097165991902834,1.0
2026-08-04,6.0,0.6477732793522267,0.29554655870445345,0.08097165991902834,0.006072874493927126,0.006072874493927126,1.0769230769230766,0.8180145887394584,0.0259250948479548,4.25,0.5080971659919028,0.016194331983805668,0.038461538461538464,0.004048582995951417,0.004048582995951417,0.38866396761133604,0.2260536398467432,0.008097165991902834,0.0
2026-08-05,4.333333333333333,0.6275303643724697,0.2550607287449393,0.02834008097165992,0.010121457489878543,0.010121457489878543,1.4666666666666663,1.01463165445801,0.018868087437384773,6.0,0.6477732793522267,0.29554655870445345,0.08097165991902834,0.006072874493927126,0.006072874493927126,0.40890688259109315,0.2704918032786887,0.012145748987854251,4.0
2026-08-06,3.5,0.659919028340081,0.31983805668016196,0.032388663967611336,0.006072874493927126,0.006072874493927126,1.696969696969697,1.1930005027490038,0.017707551569488444,4.333333333333333,0.6275303643724697,0.2550607287449393,0.02834008097165992,0.010121457489878543,0.010121457489878543,0.26315789473684215,0.2988047808764942,0.006072874493927126,0.5
2026-08-07,2.4,0.6295546558704453,0.2591093117408907,0.030364372469635626,0.0020242914979757085,0.0020242914979757085,1.6470588235294117,1.2076525261387652,0.016762172941548137,3.5,0.659919028340081,0.31983805668016196,0.032388663967611336,0.006072874493927126,0.006072874493927126,0.27125506072874495,-0.028124999999999956,0.0,-0.6666666666666667
2026-08-10,1.625,0.6214574898785425,0.242914979757085,0.038461538461538464,0.008097165991902834,0.008097165991902834,1.7297297297297294,1.3079833260121188,0.013304492946847324,2.4,0.6295546558704453,0.2591093117408907,0.030364372469635626,0.0020242914979757085,0.0020242914979757085,0.22672064777327933,-0.009677419354838679,0.004048582995951417,-0.19999999999999996
2026-08-11,1.375,0.6052631578947368,0.21052631578947367,0.03441295546558704,0.0020242914979757085,0.0020242914979757085,1.5999999999999999,0.46613672135441253,0.013068051698600147,1.625,0.6214574898785425,0.242914979757085,0.038461538461538464,0.008097165991902834,0.008097165991902834,-0.08502024291497978,-0.08282208588957063,-0.004048582995951417,-0.6666666666666667
2026-08-12,5.666666666666667,0.5647773279352226,0.12955465587044535,0.03643724696356275,0.006072874493927126,0.006072874493927126,1.3333333333333335,0.3616102178160536,0.007577273393211348,1.375,0.6052631578947368,0.21052631578947367,0.03441295546558704,0.0020242914979757085,0.0020242914979757085,-0.12550607287449395,-0.10289389067524124,-0.004048582995951417,2.0
2026-08-13,1.0,0.5566801619433198,0.11336032388663968,0.03643724696356275,0.0020242914979757085,0.0020242914979757085,1.176470588235294,0.3342914869783896,0.005365518739514741,5.666666666666667,0.5647773279352226,0.12955465587044535,0.03643724696356275,0.006072874493927126,0.006072874493927126,-0.20647773279352227,-0.10423452768729646,-0.004048582995951417,-0.75
2026-08-14,2.6666666666666665,0.5728744939271255,0.145748987854251,0.018218623481781375,0.0020242914979757085,0.0020242914979757085,1.176470588235294,0.28670073430652016,0.003049015890641993,1.0,0.5566801619433198,0.11336032388663968,0.03643724696356275,0.0020242914979757085,0.0020242914979757085,-0.11336032388663969,-0.05351170568561869,0.0,0.0
2026-08-17,1.2,0.5384615384615384,0.07692307692307693,0.018218623481781375,0.0020242914979757085,0.0020242914979757085,0.8484848484848483,0.3041295935783814,0.001756451470178888,2.6666666666666665,0.5728744939271255,0.145748987854251,0.018218623481781375,0.0020242914979757085,0.0020242914979757085,-0.16599190283400808,-0.04659498207885304,-0.006072874493927126,-0.6666666666666667
2026-08-18,3.5,0.5161943319838057,0.032388663967611336,0.032388663967611336,0.0020242914979757085,0.0020242914979757085,0.8235294117647055,0.23787874257965003,-0.0015656041994330794,1.2,0.5384615384615384,0.07692307692307693,0.018218623481781375,0.0020242914979757085,0.0020242914979757085,-0.17813765182186234,-0.07272727272727264,0.0,0.0
2026-08-19,12.0,0.4676113360323887,-0.06477732793522267,0.022267206477732792,0.0,0.0,0.47058823529411736,0.2912016584903896,-0.006955840774072963,3.5,0.5161943319838057,0.032388663967611336,0.032388663967611336,0.0020242914979757085,0.0020242914979757085,-0.19433198380566802,-0.18374558303886923,-0.006072874493927126,-1.0
2026-08-20,2.0,0.4251012145748988,-0.14979757085020243,0.008097165991902834,0.0,0.0,0.3636363636363634,0.28353776642994993,-0.010271894581945329,12.0,0.4676113360323887,-0.06477732793522267,0.022267206477732792,0.0,0.0,-0.2631578947368421,-0.21052631578947367,-0.0020242914979757085,-1.0
2026-08-21,6.0,0.451417004048583,-0.09716599190283401,0.024291497975708502,0.004048582995951417,0.004048582995951417,0.4848484848484846,0.775024628084554,-0.0047013429035506205,2.0,0.4251012145748988,-0.14979757085020243,0.008097165991902834,0.0,0.0,-0.242914979757085,-0.12549019607843148,0.0020242914979757085,1.0
2026-08-24,4.0,0.451417004048583,-0.09716599190283401,0.02631578947368421,0.0020242914979757085,0.0020242914979757085,0.4999999999999998,0.8093301754683467,-0.004863967403263003,6.0,0.451417004048583,-0.09716599190283401,0.024291497975708502,0.004048582995951417,0.004048582995951417,-0.17408906882591094,-0.03463203463203468,0.0,0.0
2026-08-25,2.0,0.4311740890688259,-0.13765182186234817,0.02631578947368421,0.0020242914979757085,0.0020242914979757085,0.4999999999999998,0.8325342025948659,-0.006670652431280288,4.0,0.451417004048583,-0.09716599190283401,0.02631578947368421,0.0020242914979757085,0.0020242914979757085,-0.1700404858299595,0.014285714285714235,0.0,0.0
2026-08-26,4.5,0.43724696356275305,-0.12550607287449392,0.018218623481781375,0.0020242914979757085,0.0020242914979757085,0.6249999999999998,0.7320660042280499,-0.0026477089770540196,2.0,0.4311740890688259,-0.13765182186234817,0.02631578947368421,0.0020242914979757085,0.0020242914979757085,-0.060728744939271245,-0.03139013452914796,0.0020242914979757085,-0.5
2026-08-27,12.0,0.46153846153846156,-0.07692307692307693,0.022267206477732792,0.0,0.0,0.6249999999999998,0.9184541805128502,-0.0077583285513638245,4.5,0.43724696356275305,-0.12550607287449392,0.018218623481781375,0.0020242914979757085,0.0020242914979757085,0.0728744939271255,0.022421524663677195,0.0,-1.0
2026-08-28,0.8571428571428571,0.4190283400809717,-0.16194331983805668,0.022267206477732792,0.0,0.0,0.38709677419354815,0.807407820453437,-0.012091731806534445,12.0,0.46153846153846156,-0.07692307692307693,0.022267206477732792,0.0,0.0,-0.06477732793522267,-0.028169014084507005,-0.004048582995951417,-1.0
2026-08-31,8.5,0.39878542510121456,-0.20242914979757085,0.03441295546558704,0.006072874493927126,0.0020242914979757085,0.6249999999999998,0.8937103162344648,-0.008191371608446185,0.8571428571428571,0.4190283400809717,-0.16194331983805668,0.022267206477732792,0.0,0.0,-0.10526315789473684,-0.08796296296296302,0.0,2.0
2026-09-01,0.5294117647058824,0.4068825910931174,-0.1862348178137652,0.048582995951417005,0.004048582995951417,0.0,0.7741935483870965,1.3955743545142074,-0.010690863142655993,8.5,0.39878542510121456,-0.20242914979757085,0.03441295546558704,0.006072874493927126,0.0020242914979757085,-0.04858299595141702,-0.11842105263157898,-0.0020242914979757085,0.0
2026-09-02,0.7,0.3319838056680162,-0.3360323886639676,0.030364372469635626,0.0020242914979757085,-0.0020242914979757085,0.8888888888888885,1.1106802979755255,-0.010565146447797047,0.5294117647058824,0.4068825910931174,-0.1862348178137652,0.048582995951417005,0.004048582995951417,0.0,-0.2105263157894737,-0.20772946859903374,-0.004048582995951417,0.0
2026-09-03,1.0,0.29959514170040485,-0.4008097165991903,0.016194331983805668,0.004048582995951417,-0.004048582995951417,1.2307692307692306,1.1062502194442705,-0.014940315672733906,0.7,0.3319838056680162,-0.3360323886639676,0.030364372469635626,0.0020242914979757085,-0.0020242914979757085,-0.32388663967611336,-0.24873096446700504,-0.004048582995951417,-0.33333333333333337
2026-09-04,18.0,0.340080971659919,-0.31983805668016196,0.03441295546558704,0.0020242914979757085,-0.0020242914979757085,1.3846153846153841,1.043601215486976,-0.015082322114238655,1.0,0.29959514170040485,-0.4008097165991903,0.016194331983805668,0.004048582995951417,-0.004048582995951417,-0.15789473684210528,-0.16417910447761197,-0.0020242914979757085,-0.5
2026-09-07,3.75,0.3319838056680162,-0.3360323886639676,0.03441295546558704,0.0020242914979757085,0.0020242914979757085,1.2173913043478257,0.7778235874154458,-0.012711358745641776,18.0,0.340080971659919,-0.31983805668016196,0.03441295546558704,0.0020242914979757085,-0.0020242914979757085,-0.13360323886639677,0.0,0.0,0.0
2026-09-08,0.8,0.291497975708502,-0.41700404858299595,0.01417004048582996,0.0020242914979757085,0.0020242914979757085,1.0434782608695647,0.8189849887769007,-0.015973400097868296,3.75,0.3319838056680162,-0.3360323886639676,0.03441295546558704,0.0020242914979757085,0.0020242914979757085,-0.23076923076923075,-0.027027027027027084,0.0020242914979757085,-0.5
2026-09-09,2.0,0.3076923076923077,-0.38461538461538464,0.02631578947368421,0.0020242914979757085,0.0020242914979757085,1.1428571428571426,0.8628557115046637,-0.020238524786843848,0.8,0.291497975708502,-0.41700404858299595,0.01417004048582996,0.0020242914979757085,0.0020242914979757085,-0.04858299595141702,-0.09523809523809512,0.004048582995951417,0.0
2026-09-10,3.0,0.30364372469635625,-0.39271255060728744,0.020242914979757085,0.0,0.0,0.7999999999999998,0.9704276241169014,-0.02665205659687564,2.0,0.3076923076923077,-0.38461538461538464,0.02631578947368421,0.0020242914979757085,0.0020242914979757085,0.008097165991902855,-0.08536585365853666,0.004048582995951417,-1.0
2026-09-11,2.0,0.29959514170040485,-0.4008097165991903,0.02631578947368421,0.0,0.0,0.6315789473684207,1.1562787325269912,-0.022865521058864635,3.0,0.30364372469635625,-0.39271255060728744,0.020242914979757085,0.0,0.0,-0.08097165991902833,0.0277777777777779,0.0020242914979757085,-1.0
2026-09-15,1.3333333333333333,0.27125506072874495,-0.4574898785425101,0.010121457489878543,0.0,0.0,0.44444444444444414,0.987147269607089,-0.024217245480019245,2.0,0.29959514170040485,-0.4008097165991903,0.02631578947368421,0.0,0.0,-0.12145748987854249,-0.11842105263157898,-0.0020242914979757085,-1.0
2026-09-16,0.1,0.13562753036437247,-0.728744939271255,0.10728744939271255,0.0020242914979757085,-0.0020242914979757085,0.44444444444444403,1.1566068921622874,-0.03351740384435631,1.3333333333333333,0.27125506072874495,-0.4574898785425101,0.010121457489878543,0.0,0.0,-0.3117408906882591,-0.5533333333333332,-0.004048582995951417,0.0
2026-09-17,1.3333333333333333,0.12955465587044535,-0.7408906882591093,0.010121457489878543,0.0020242914979757085,0.0020242914979757085,0.421052631578947,1.4435958861232525,-0.02747328168898966,0.1,0.13562753036437247,-0.728744939271255,0.10728744939271255,0.0020242914979757085,-0.0020242914979757085,-0.3562753036437247,-0.5675675675675675,0.0,0.0
2026-09-18,7.5,0.19230769230769232,-0.6153846153846154,0.030364372469635626,0.0020242914979757085,0.0020242914979757085,0.5999999999999996,1.358629884762193,-0.02360154203558462,1.3333333333333333,0.12955465587044535,-0.7408906882591093,0.010121457489878543,0.0020242914979757085,0.0020242914979757085,-0.22267206477732798,-0.29104477611940294,0.0020242914979757085,0.0
2026-09-21,6.833333333333333,0.3522267206477733,-0.29554655870445345,0.09109311740890688,0.0,0.0,0.6666666666666664,1.4665333261648725,-0.01859800176658577,7.5,0.19230769230769232,-0.6153846153846154,0.030364372469635626,0.0020242914979757085,0.0020242914979757085,0.10526315789473684,1.5970149253731343,0.0,-1.0
2026-09-22,7.5,0.3016194331983806,-0.3967611336032389,0.030364372469635626,0.0,0.0,0.7058823529411762,1.4509577728026963,-0.014007668241269311,6.833333333333333,0.3522267206477733,-0.29554655870445345,0.09109311740890688,0.0,0.0,0.06072874493927122,1.328125,0.0,-1.0
2026-09-23,2.6666666666666665,0.32388663967611336,-0.3522267206477733,0.018218623481781375,0.0,0.0,0.4999999999999996,0.6664946603179893,-0.015755236143962015,7.5,0.3016194331983806,-0.3967611336032389,0.030364372469635626,0.0,0.0,0.3765182186234818,0.6842105263157894,0.0020242914979757085,-1.0
2026-09-24,12.0,0.3967611336032389,-0.20647773279352227,0.022267206477732792,0.0020242914979757085,0.0020242914979757085,0.4999999999999996,0.6984301744044833,-0.008929274337910353,2.6666666666666665,0.32388663967611336,-0.3522267206477733,0.018218623481781375,0.0,0.0,0.534412955465587,0.12643678160919558,0.0,0.0
2026-09-25,0.14285714285714285,0.2834008097165992,-0.4331983805668016,0.044534412955465584,0.0020242914979757085,-0.0020242914979757085,0.4705882352941173,1.5439653097245667,-0.022783866344407322,12.0,0.3967611336032389,-0.20647773279352227,0.022267206477732792,0.0020242914979757085,0.0020242914979757085,0.18218623481781382,-0.06040268456375841,-0.004048582995951417,0.0
2026-09-28,1.3333333333333333,0.3097165991902834,-0.3805668016194332,0.010121457489878543,0.004048582995951417,0.0,0.8421052631578944,1.5173405906425044,-0.017526206518831744,0.14285714285714285,0.2834008097165992,-0.4331983805668016,0.044534412955465584,0.0020242914979757085,-0.0020242914979757085,-0.08502024291497973,-0.04375000000000007,0.0,0.0
2026-09-29,0.25,0.1696969696969697,-0.6606060606060606,0.026262626262626262,0.00404040404040404,0.0,1.3327346205657833,1.5874565270900858,-0.029947796649552605,1.3333333333333333,0.3097165991902834,-0.3805668016194332,0.010121457489878543,0.004048582995951417,0.0,-0.26384492700282175,-0.5722943722943723,0.0,0.9959595959595959
2026-09-30,0.7,0.16161616161616163,-0.6767676767676768,0.030303030303030304,0.00404040404040404,0.0,1.7767796990792721,1.5952899617095713,-0.029857405555747785,0.25,0.1696969696969697,-0.6606060606060606,0.026262626262626262,0.00404040404040404,0.0,-0.3245409561199035,-0.42972582972582973,0.0,0.9959595959595959
2026-10-01,2.6666666666666665,0.16363636363636364,-0.6727272727272727,0.04040404040404041,0.00404040404040404,0.0,1.893392914139802,1.3419755417581856,-0.030976567505742292,0.7,0.16161616161616163,-0.6767676767676768,0.030303030303030304,0.00404040404040404,0.0,-0.46624953993375046,-0.4716577540106952,-0.0020242914979757085,-0.002020202020202033
2026-10-05,0.4666666666666667,0.1111111111111111,-0.7777777777777778,0.04040404040404041,0.0,0.0,1.8808419550481625,1.0888236237108944,-0.03639953455901346,2.6666666666666665,0.16363636363636364,-0.6727272727272727,0.04040404040404041,0.00404040404040404,0.0,-0.3445793972109762,-0.34523809523809534,0.0020242914979757085,-1.0
2026-10-06,6.5,0.14343434343434344,-0.7131313131313132,0.026262626262626262,0.00202020202020202,0.00202020202020202,1.645099904852521,1.166973594490264,-0.02789687542405972,0.4666666666666667,0.1111111111111111,-0.7777777777777778,0.04040404040404041,0.0,0.0,-0.33256451151188,-0.11250000000000004,0.00202020202020202,-0.5
2026-10-07,12.0,0.26262626262626265,-0.47474747474747475,0.048484848484848485,0.00404040404040404,0.00404040404040404,1.553982698573194,1.0446258024147443,-0.016022093375465896,6.5,0.14343434343434344,-0.7131313131313132,0.026262626262626262,0.00202020202020202,0.00202020202020202,0.1858585858585859,0.6049382716049385,0.00404040404040404,0.0
2026-10-08,3.3333333333333335,0.26464646464646463,-0.4707070707070707,0.022222222222222223,0.00404040404040404,0.00404040404040404,1.4724292101341279,1.1298151683514124,-0.021011059122690412,12.0,0.26262626262626265,-0.47474747474747475,0.048484848484848485,0.00404040404040404,0.00404040404040404,0.2060606060606061,1.3818181818181818,0.00404040404040404,0.0
